date,1M,3M,6M,1Y,2Y,3Y,5Y,7Y,10Y,15Y,20Y,30Y
03012022,0.021299,0.022711,0.023756,0.026423,0.030832,0.033109,0.035518,0.037103,0.037612,0.037982,0.038186,0.037182
04012022,0.018803,0.020315,0.021468,0.023877,0.028394,0.030195,0.032639,0.033048,0.033488,0.032995,0.031548,0.029528
05012022,0.020303,0.022177,0.02317,0.025485,0.029838,0.031668,0.034723,0.035201,0.035972,0.036416,0.036187,0.034892
06012022,0.020766,0.02213,0.023759,0.026841,0.030411,0.032218,0.035461,0.036366,0.036846,0.037196,0.036907,0.035705
07012022,0.020826,0.022155,0.023269,0.025981,0.029485,0.031893,0.035104,0.036378,0.036504,0.03677,0.036142,0.034628
10012022,0.022234,0.024003,0.024529,0.028648,0.033131,0.036374,0.040947,0.043281,0.047137,0.051871,0.05639,0.063815
11012022,0.021504,0.022447,0.023716,0.026605,0.030164,0.032764,0.034679,0.035709,0.035956,0.035096,0.034707,0.032522
12012022,0.021868,0.023308,0.024891,0.027396,0.031406,0.034048,0.037176,0.037847,0.038539,0.038569,0.037767,0.037495
13012022,0.02264,0.024155,0.025951,0.028928,0.034788,0.038492,0.043884,0.047257,0.052665,0.058697,0.06579,0.078921
14012022,0.021787,0.02272,0.023925,0.02697,0.030282,0.03305,0.034983,0.036577,0.036047,0.035485,0.034748,0.031637
17012022,0.022806,0.024614,0.026389,0.029574,0.033557,0.036775,0.041553,0.044212,0.047178,0.05119,0.054488,0.061631
18012022,0.024064,0.024748,0.025748,0.028825,0.031913,0.034674,0.036989,0.037101,0.037583,0.036348,0.035023,0.032107
19012022,0.022929,0.02405,0.025767,0.028405,0.031943,0.034321,0.036241,0.037339,0.036712,0.036439,0.034264,0.030384
20012022,0.022586,0.024069,0.025646,0.028304,0.032248,0.034878,0.038599,0.040892,0.042442,0.043926,0.045896,0.048705
21012022,0.023073,0.023886,0.025945,0.028746,0.032914,0.035572,0.037914,0.039619,0.041304,0.042404,0.043127,0.04523
24012022,0.025064,0.026229,0.02767,0.030978,0.035021,0.038339,0.042318,0.045043,0.048435,0.050735,0.054678,0.06
25012022,0.023977,0.024887,0.026721,0.030113,0.034169,0.037587,0.041543,0.043842,0.047333,0.050318,0.052581,0.059023
26012022,0.023743,0.025179,0.02706,0.030083,0.033824,0.0371,0.040828,0.043047,0.04607,0.048508,0.050478,0.055727
27012022,0.026537,0.028095,0.030338,0.032705,0.037502,0.040707,0.044147,0.046859,0.048472,0.052434,0.055585,0.060782
28012022,0.026486,0.0277,0.029503,0.030984,0.034983,0.036512,0.037702,0.038125,0.036919,0.03382,0.030783,0.02383
31012022,0.025878,0.026247,0.02893,0.030571,0.035377,0.03852,0.042008,0.043819,0.045955,0.048241,0.050205,0.054281
01022022,0.026071,0.026997,0.028652,0.031125,0.034275,0.036599,0.039216,0.039902,0.039692,0.038717,0.037671,0.033979
02022022,0.026157,0.027696,0.029178,0.031825,0.035806,0.037909,0.040823,0.041743,0.042649,0.042723,0.042623,0.042096
03022022,0.024857,0.02613,0.028693,0.031807,0.036738,0.040375,0.045193,0.04844,0.052889,0.05861,0.064674,0.075133
04022022,0.025379,0.02622,0.027692,0.030632,0.034407,0.03661,0.039217,0.040527,0.040559,0.040484,0.040225,0.039103
07022022,0.026924,0.027903,0.029719,0.032494,0.037461,0.040708,0.045284,0.047834,0.05147,0.056178,0.059712,0.067576
08022022,0.027232,0.028296,0.029861,0.032201,0.036174,0.038705,0.041508,0.042379,0.043154,0.041991,0.041817,0.039938
09022022,0.028589,0.029755,0.030786,0.033765,0.037225,0.039684,0.041851,0.042922,0.042451,0.040688,0.038909,0.035618
10022022,0.025985,0.026805,0.02825,0.032329,0.036739,0.04065,0.044549,0.048099,0.052047,0.057354,0.062121,0.071934
11022022,0.026025,0.027292,0.028923,0.031038,0.034778,0.03814,0.040632,0.041585,0.04308,0.04301,0.04331,0.042599
14022022,0.029304,0.030978,0.032688,0.036046,0.040158,0.04412,0.048905,0.051235,0.05506,0.059907,0.065164,0.074571
15022022,0.029418,0.029683,0.031184,0.034398,0.038502,0.041003,0.043385,0.045472,0.046238,0.047731,0.048163,0.048475
16022022,0.027022,0.0284,0.029275,0.032158,0.035253,0.037234,0.039299,0.039381,0.038955,0.03683,0.035468,0.029927
17022022,0.027045,0.028192,0.030058,0.032856,0.036511,0.039194,0.042416,0.043442,0.045018,0.047133,0.048089,0.048925
18022022,0.029449,0.030049,0.031303,0.033834,0.037729,0.041017,0.043958,0.045489,0.047208,0.048571,0.050517,0.052166
21022022,0.028176,0.029179,0.031668,0.034444,0.038646,0.04223,0.046422,0.049169,0.053101,0.057811,0.060857,0.069179
22022022,0.027408,0.028447,0.030249,0.032565,0.036587,0.038836,0.041211,0.041942,0.04233,0.042228,0.041271,0.038726
23022022,0.02804,0.029928,0.031249,0.034508,0.038418,0.041071,0.044794,0.047468,0.049677,0.051922,0.054601,0.058002
24022022,0.028247,0.029517,0.030683,0.033224,0.036971,0.03848,0.04061,0.040229,0.03993,0.037891,0.034028,0.028809
25022022,0.029384,0.030235,0.032006,0.034584,0.038815,0.041029,0.043768,0.04476,0.045452,0.045677,0.045755,0.044829
28022022,0.029481,0.030456,0.032763,0.0355,0.039984,0.04392,0.048654,0.052605,0.056848,0.06325,0.068371,0.078918
01032022,0.029786,0.030924,0.031562,0.034497,0.037085,0.038342,0.039364,0.039064,0.036139,0.031347,0.025945,0.015105
02032022,0.029924,0.030849,0.032619,0.035062,0.03878,0.040477,0.042611,0.042962,0.042857,0.041679,0.039991,0.03554
03032022,0.030283,0.031997,0.03296,0.035859,0.040311,0.044561,0.048582,0.051145,0.054298,0.057981,0.062779,0.069196
04032022,0.029637,0.030782,0.032157,0.035419,0.040139,0.042931,0.046649,0.048163,0.050127,0.052916,0.055123,0.059397
07032022,0.027792,0.029,0.030605,0.033496,0.038939,0.042068,0.046106,0.049054,0.052655,0.057796,0.061379,0.068988
08032022,0.028512,0.030443,0.031945,0.034856,0.039,0.041237,0.043464,0.044359,0.046073,0.045353,0.044995,0.043954
09032022,0.029702,0.03086,0.032585,0.035097,0.038909,0.041672,0.044337,0.04614,0.045696,0.047173,0.047197,0.045813
10032022,0.029001,0.03032,0.031763,0.035231,0.038734,0.041239,0.043621,0.044114,0.044757,0.044848,0.043744,0.042801
11032022,0.029833,0.030883,0.032183,0.035247,0.038322,0.041234,0.04377,0.044544,0.045191,0.044497,0.04455,0.042677
14032022,0.029833,0.030883,0.032183,0.035247,0.038322,0.041234,0.04377,0.044544,0.045191,0.044497,0.04455,0.042677
15032022,0.030089,0.031353,0.032926,0.035995,0.040591,0.043127,0.047257,0.050407,0.052909,0.056277,0.059434,0.065383
16032022,0.029611,0.030355,0.032263,0.034136,0.038501,0.040535,0.042609,0.043469,0.043525,0.0421,0.039635,0.036246
17032022,0.029728,0.030518,0.032384,0.034809,0.0388,0.041164,0.044253,0.045571,0.046741,0.048131,0.047933,0.049472
18032022,0.030506,0.03215,0.03338,0.036336,0.041095,0.04298,0.046456,0.047505,0.049002,0.050721,0.050802,0.052792
21032022,0.031197,0.032413,0.033827,0.03573,0.039637,0.042089,0.044496,0.045562,0.045604,0.04446,0.043906,0.041497
22032022,0.031233,0.032372,0.033937,0.036432,0.041534,0.044597,0.048615,0.050651,0.05335,0.057408,0.06012,0.066074
23032022,0.030738,0.031466,0.033242,0.035784,0.039741,0.042383,0.045491,0.04673,0.048314,0.048459,0.049083,0.04949
24032022,0.032236,0.032658,0.034798,0.037735,0.041525,0.044508,0.047148,0.049342,0.050923,0.051331,0.052136,0.054022
25032022,0.03194,0.0331,0.034305,0.037003,0.040651,0.04305,0.045665,0.046642,0.047272,0.045916,0.045541,0.042901
28032022,0.030183,0.031851,0.03346,0.036428,0.040639,0.044216,0.046881,0.049007,0.051011,0.053434,0.055434,0.05969
29032022,0.031714,0.033219,0.034429,0.037344,0.040864,0.042653,0.045919,0.046842,0.046282,0.045639,0.044752,0.042246
30032022,0.031277,0.032419,0.034085,0.037483,0.042633,0.046776,0.05101,0.054662,0.058624,0.064727,0.070492,0.079959
31032022,0.030361,0.031958,0.033299,0.035978,0.04072,0.043987,0.047863,0.050233,0.052986,0.056343,0.059355,0.064689
01042022,0.030812,0.031378,0.033341,0.035851,0.039985,0.043023,0.045762,0.047285,0.048102,0.049816,0.05049,0.052013
04042022,0.03039,0.031968,0.033082,0.035951,0.040094,0.042666,0.045614,0.047445,0.049056,0.04969,0.050923,0.052103
05042022,0.031575,0.03289,0.034645,0.036476,0.039502,0.042061,0.042457,0.042128,0.041654,0.038279,0.034653,0.02789
06042022,0.030438,0.032198,0.03365,0.035986,0.040222,0.041655,0.043872,0.044977,0.045344,0.044736,0.043519,0.04121
07042022,0.029371,0.031013,0.03255,0.035646,0.040337,0.043612,0.048032,0.051101,0.053946,0.058425,0.062133,0.070144
08042022,0.029953,0.030848,0.03313,0.036038,0.04133,0.044372,0.049153,0.051941,0.056092,0.060719,0.065811,0.075852
11042022,0.031054,0.032527,0.034182,0.036643,0.041589,0.044204,0.047218,0.049137,0.050849,0.051953,0.053893,0.056223
12042022,0.030035,0.030825,0.032016,0.03499,0.039032,0.041339,0.043716,0.044643,0.045644,0.045565,0.045351,0.044201
13042022,0.031893,0.032674,0.03476,0.036498,0.040892,0.042753,0.044881,0.045815,0.046081,0.045682,0.044711,0.04204
14042022,0.03101,0.031963,0.0337,0.036962,0.042116,0.045285,0.050575,0.053714,0.058567,0.064712,0.070067,0.081729
15042022,0.029159,0.030445,0.032042,0.033734,0.037398,0.03892,0.040333,0.040606,0.039359,0.035745,0.033337,0.02632
18042022,0.029862,0.030986,0.032382,0.035146,0.039472,0.042619,0.045744,0.047285,0.04924,0.04986,0.052386,0.053832
19042022,0.029465,0.031269,0.03223,0.034896,0.038153,0.040339,0.042018,0.04191,0.041933,0.039403,0.036622,0.031696
20042022,0.031628,0.03286,0.034563,0.038197,0.042048,0.045077,0.049025,0.051058,0.053203,0.056063,0.058564,0.063159
21042022,0.031074,0.031995,0.033639,0.03573,0.040565,0.04301,0.046175,0.046478,0.049071,0.049248,0.05009,0.050039
22042022,0.030428,0.032263,0.033089,0.03565,0.039253,0.041204,0.042965,0.043396,0.043446,0.04079,0.038572,0.033893
25042022,0.03131,0.032036,0.034606,0.036771,0.041734,0.0446,0.048912,0.051636,0.054433,0.058147,0.06181,0.067731
26042022,0.030028,0.030545,0.032802,0.035775,0.039892,0.043466,0.04689,0.049357,0.051732,0.054915,0.057329,0.06238
27042022,0.031043,0.031785,0.033723,0.036007,0.040408,0.042384,0.043946,0.045401,0.044768,0.042975,0.040543,0.038079
28042022,0.028531,0.02998,0.031047,0.033091,0.036212,0.038057,0.039301,0.038932,0.03743,0.033982,0.029999,0.022247
29042022,0.027584,0.028703,0.030665,0.033705,0.037448,0.039242,0.042236,0.044137,0.044431,0.045128,0.045453,0.044839
02052022,0.029338,0.030664,0.031513,0.03449,0.03762,0.039714,0.0412,0.041627,0.040273,0.037488,0.034656,0.028446
03052022,0.029193,0.03037,0.031742,0.035399,0.038456,0.041231,0.044182,0.046126,0.046849,0.048129,0.047992,0.048814
04052022,0.028131,0.02992,0.031875,0.035046,0.039874,0.043553,0.048668,0.052175,0.056745,0.063198,0.068068,0.078884
05052022,0.028886,0.030995,0.032919,0.035595,0.041157,0.045354,0.050249,0.054301,0.059077,0.066112,0.073008,0.086068
06052022,0.02905,0.029611,0.03167,0.034329,0.037031,0.039946,0.04235,0.042268,0.042997,0.041412,0.039487,0.036166
09052022,0.029567,0.030296,0.032222,0.034467,0.038831,0.041221,0.044265,0.046352,0.047442,0.048203,0.04822,0.049167
10052022,0.030619,0.031214,0.03276,0.035347,0.039485,0.04206,0.045377,0.047013,0.047722,0.048629,0.049169,0.050915
11052022,0.027483,0.029096,0.029666,0.032083,0.034714,0.036173,0.037243,0.036147,0.034104,0.029454,0.024113,0.01418
12052022,0.028365,0.029033,0.030805,0.033306,0.037192,0.03922,0.041232,0.042149,0.042206,0.040783,0.039067,0.035225
13052022,0.026996,0.028259,0.029883,0.03265,0.036252,0.038856,0.041342,0.041844,0.042716,0.042908,0.042162,0.041513
16052022,0.029616,0.03139,0.032729,0.035589,0.040051,0.043343,0.047454,0.05026,0.053104,0.056819,0.060334,0.066988
17052022,0.028058,0.030142,0.030855,0.033528,0.036436,0.038094,0.04023,0.04023,0.038621,0.03502,0.032259,0.02545
18052022,0.026294,0.027649,0.029123,0.031542,0.036219,0.038494,0.041635,0.042966,0.044407,0.045449,0.046458,0.048274
19052022,0.026601,0.027124,0.028373,0.031184,0.033818,0.03633,0.03729,0.036747,0.036139,0.031992,0.0287,0.020833
20052022,0.0288,0.029856,0.032004,0.034755,0.040277,0.043085,0.047414,0.05056,0.053461,0.058194,0.063087,0.070671
23052022,0.026576,0.027642,0.029381,0.031691,0.035694,0.039429,0.047414,0.044315,0.046612,0.048438,0.050087,0.053617
24052022,0.026474,0.027776,0.029859,0.032486,0.036894,0.040108,0.047414,0.045728,0.048077,0.050836,0.0547,0.058725
25052022,0.026735,0.028026,0.029594,0.031793,0.035714,0.0383,0.047414,0.042481,0.04275,0.042847,0.042471,0.041574
26052022,0.026932,0.02767,0.029134,0.031845,0.035327,0.036903,0.047414,0.039152,0.037787,0.035969,0.032454,0.025605
27052022,0.027648,0.028656,0.030049,0.03252,0.03695,0.039537,0.047414,0.045069,0.046984,0.04827,0.049084,0.051815
30052022,0.027425,0.02858,0.029853,0.032832,0.036231,0.038678,0.047414,0.041539,0.041991,0.040854,0.040297,0.036944
31052022,0.025932,0.027068,0.028844,0.032615,0.036472,0.040461,0.047414,0.045951,0.048776,0.051963,0.054649,0.05939
01062022,0.027172,0.027984,0.029567,0.032661,0.036842,0.039643,0.047414,0.045588,0.047236,0.04985,0.050883,0.054464
02062022,0.024864,0.025858,0.027704,0.029674,0.032179,0.034699,0.047414,0.034922,0.032898,0.028728,0.024575,0.016015
03062022,0.027276,0.028376,0.030537,0.033051,0.038385,0.041605,0.047414,0.048595,0.052561,0.056821,0.060825,0.068365
06062022,0.025806,0.026479,0.028246,0.031712,0.036092,0.039958,0.044788,0.048118,0.051397,0.056512,0.061078,0.070289
07062022,0.025108,0.025785,0.028109,0.030373,0.034566,0.037122,0.039904,0.042684,0.044209,0.045538,0.046899,0.049204
08062022,0.023481,0.023984,0.025971,0.028045,0.032262,0.034437,0.036352,0.038076,0.037732,0.037102,0.036421,0.034394
09062022,0.023723,0.024968,0.02641,0.028964,0.032791,0.035686,0.038318,0.039244,0.041363,0.042373,0.041885,0.042933
10062022,0.025096,0.026204,0.028214,0.031897,0.036254,0.039826,0.044897,0.048232,0.05266,0.058971,0.064062,0.07451
13062022,0.024068,0.02481,0.026173,0.029496,0.031781,0.033273,0.034726,0.035055,0.033418,0.029761,0.026898,0.018939
14062022,0.025717,0.027486,0.028847,0.032054,0.036418,0.039148,0.043207,0.046209,0.048438,0.051834,0.054706,0.060854
15062022,0.025729,0.027218,0.028226,0.03082,0.033766,0.036269,0.037935,0.038639,0.038117,0.036585,0.033651,0.028571
16062022,0.023754,0.024696,0.02638,0.029338,0.032399,0.035456,0.038074,0.03871,0.038598,0.038885,0.038911,0.037083
17062022,0.022473,0.023503,0.024794,0.027331,0.031005,0.033183,0.036358,0.036692,0.037415,0.03696,0.035879,0.03326
20062022,0.023138,0.024666,0.025801,0.029206,0.032633,0.035411,0.038329,0.039562,0.040798,0.041135,0.041816,0.041363
21062022,0.022678,0.024098,0.026287,0.029373,0.034328,0.037929,0.042829,0.046331,0.050048,0.055416,0.060875,0.071271
22062022,0.022694,0.023405,0.024257,0.027621,0.030654,0.032889,0.034959,0.035362,0.035075,0.033011,0.031197,0.026426
23062022,0.022781,0.0246,0.025779,0.029038,0.033148,0.036486,0.039401,0.041399,0.043439,0.045609,0.047816,0.050501
24062022,0.021245,0.022546,0.023457,0.025872,0.029344,0.031728,0.032951,0.033653,0.033291,0.031195,0.02877,0.024008
27062022,0.018948,0.019812,0.022189,0.025318,0.029139,0.032394,0.036188,0.038196,0.04033,0.042471,0.044303,0.047523
28062022,0.021949,0.022336,0.023909,0.026528,0.029889,0.032552,0.033932,0.034753,0.034226,0.032661,0.031103,0.027393
29062022,0.020458,0.021958,0.023035,0.026242,0.029627,0.031409,0.033979,0.034573,0.034875,0.034166,0.031808,0.029277
30062022,0.021029,0.021956,0.023759,0.026485,0.031317,0.033926,0.038079,0.039582,0.041413,0.043566,0.045495,0.049251
01072022,0.020669,0.022616,0.023855,0.026872,0.031501,0.03413,0.037208,0.038949,0.040353,0.04277,0.044532,0.047177
04072022,0.020418,0.021458,0.023303,0.026105,0.029618,0.032997,0.035539,0.037071,0.038412,0.039177,0.039923,0.040441
05072022,0.019431,0.020998,0.02259,0.02533,0.029469,0.031713,0.035393,0.037366,0.038947,0.040211,0.04214,0.043642
06072022,0.020924,0.022847,0.023599,0.027041,0.031214,0.033515,0.03748,0.038834,0.040655,0.04243,0.043718,0.046471
07072022,0.021001,0.021127,0.023306,0.025598,0.027993,0.029913,0.030874,0.030812,0.02918,0.025851,0.021977,0.013593
08072022,0.018573,0.01998,0.022074,0.024918,0.027893,0.030571,0.033449,0.034752,0.03513,0.035693,0.035238,0.034663
11072022,0.019824,0.021084,0.02268,0.025298,0.02927,0.03242,0.035033,0.036202,0.037528,0.037951,0.038757,0.038881
12072022,0.018609,0.019941,0.021566,0.02478,0.029415,0.032378,0.035266,0.037092,0.038092,0.040305,0.041688,0.044311
13072022,0.018148,0.020088,0.021072,0.024049,0.028298,0.029754,0.031716,0.033337,0.034064,0.033857,0.032058,0.030549
14072022,0.019016,0.018924,0.021027,0.023766,0.027833,0.030073,0.032948,0.034052,0.035111,0.035378,0.03574,0.035247
15072022,0.019169,0.019975,0.021044,0.024649,0.027918,0.030569,0.033475,0.035456,0.035378,0.037603,0.037243,0.037181
18072022,0.018334,0.019556,0.021154,0.023787,0.027778,0.030524,0.033715,0.035819,0.037104,0.037473,0.039604,0.041227
19072022,0.018289,0.019365,0.020389,0.023347,0.026674,0.028947,0.031702,0.03318,0.033644,0.033256,0.032686,0.031015
20072022,0.017371,0.018554,0.020328,0.022993,0.027036,0.030058,0.033078,0.034673,0.036556,0.038177,0.039615,0.042268
21072022,0.01615,0.017918,0.019405,0.021784,0.026007,0.028526,0.030373,0.031738,0.032293,0.032188,0.032286,0.030773
22072022,0.017137,0.017569,0.019297,0.021563,0.024821,0.025608,0.026008,0.026385,0.024883,0.020421,0.01544,0.005544
25072022,0.017977,0.019066,0.0207,0.023668,0.026405,0.028238,0.030327,0.03025,0.030131,0.028499,0.026368,0.022037
26072022,0.016067,0.017319,0.018953,0.022079,0.026775,0.029418,0.033519,0.036166,0.038554,0.04223,0.045474,0.051818
27072022,0.017146,0.018027,0.019798,0.0224,0.026542,0.028974,0.031529,0.033833,0.03561,0.036661,0.037494,0.038877
28072022,0.016311,0.017579,0.019473,0.0224,0.02603,0.028625,0.031876,0.033673,0.034374,0.035328,0.036682,0.037801
29072022,0.015531,0.017252,0.018485,0.021142,0.025099,0.027086,0.03051,0.031447,0.032468,0.032292,0.032116,0.032422
01082022,0.015531,0.017252,0.018485,0.021142,0.025099,0.027086,0.03051,0.031447,0.032468,0.032292,0.032116,0.032422
02082022,0.016405,0.017293,0.018348,0.021632,0.026092,0.027936,0.0301,0.030933,0.031268,0.030858,0.029394,0.02785
03082022,0.016421,0.017516,0.019391,0.022248,0.026258,0.029141,0.032979,0.035551,0.036811,0.039254,0.041877,0.045767
04082022,0.015454,0.017149,0.017842,0.020836,0.02511,0.027359,0.030962,0.033176,0.034069,0.035458,0.035958,0.037705
05082022,0.01513,0.016047,0.017096,0.020125,0.023976,0.0266,0.029332,0.029655,0.030259,0.030046,0.029897,0.028852
08082022,0.015821,0.017118,0.018401,0.021961,0.024748,0.027838,0.031231,0.03197,0.032816,0.033292,0.033493,0.033913
09082022,0.012161,0.013797,0.015529,0.018919,0.022964,0.026939,0.031859,0.033796,0.03758,0.041874,0.046372,0.054251
10082022,0.014462,0.015065,0.016989,0.019208,0.023488,0.02675,0.030459,0.032028,0.033578,0.035608,0.03679,0.04012
11082022,0.015074,0.016419,0.01774,0.02044,0.024798,0.026458,0.02889,0.029771,0.030529,0.029837,0.028904,0.027569
12082022,0.015,0.016973,0.01798,0.020973,0.02378,0.026928,0.028614,0.030016,0.029919,0.028844,0.027844,0.025504
15082022,0.014706,0.014853,0.01747,0.019863,0.023789,0.026542,0.030386,0.032724,0.034305,0.036973,0.037883,0.041571
16082022,0.012832,0.013631,0.014611,0.018244,0.022432,0.025194,0.028725,0.029816,0.031906,0.033684,0.03404,0.036821
17082022,0.013225,0.014129,0.015652,0.018545,0.022103,0.024652,0.028018,0.028808,0.030249,0.0307,0.030177,0.030418
18082022,0.014471,0.015829,0.017392,0.019537,0.022878,0.025583,0.027614,0.027825,0.027104,0.025099,0.022977,0.018811
19082022,0.013963,0.014595,0.017126,0.019562,0.024382,0.027863,0.032706,0.035861,0.038232,0.042215,0.046272,0.053719
22082022,0.012952,0.014343,0.016207,0.019284,0.024241,0.027291,0.032022,0.035075,0.039248,0.044554,0.049283,0.058958
23082022,0.012665,0.014093,0.016091,0.019006,0.022932,0.025922,0.029075,0.031512,0.033908,0.036201,0.038188,0.041731
24082022,0.013006,0.014029,0.015557,0.017788,0.020904,0.024139,0.025923,0.026568,0.027063,0.025802,0.024925,0.021824
25082022,0.013658,0.01442,0.01565,0.018163,0.020839,0.023401,0.024522,0.024478,0.023397,0.021489,0.017889,0.012042
26082022,0.011582,0.013306,0.014264,0.016421,0.019715,0.021553,0.022948,0.02276,0.020675,0.016833,0.013176,0.005175
29082022,0.011483,0.012447,0.013941,0.016166,0.01978,0.021683,0.024188,0.024694,0.023413,0.022011,0.019786,0.015587
30082022,0.011828,0.012844,0.014616,0.016913,0.019886,0.02202,0.023271,0.023324,0.022752,0.019744,0.015665,0.009389
31082022,0.013128,0.014409,0.015057,0.017533,0.021474,0.023265,0.025119,0.025327,0.024639,0.021969,0.020148,0.014777
01092022,0.011303,0.013075,0.014676,0.017176,0.021445,0.023575,0.026719,0.02762,0.028873,0.029434,0.029783,0.029721
02092022,0.011646,0.012525,0.015224,0.018022,0.021567,0.025164,0.028551,0.031026,0.033293,0.035916,0.038154,0.042646
05092022,0.010788,0.011685,0.01359,0.016325,0.019223,0.021643,0.023807,0.024387,0.024039,0.022875,0.021055,0.016714
06092022,0.012326,0.013802,0.015696,0.018351,0.023114,0.026535,0.029395,0.031523,0.034379,0.037438,0.039708,0.044984
07092022,0.010053,0.01197,0.013728,0.015774,0.020121,0.023479,0.026716,0.028931,0.031011,0.032876,0.035517,0.039113
08092022,0.010636,0.012538,0.01398,0.017042,0.02202,0.025196,0.029627,0.032609,0.035404,0.039644,0.043449,0.051079
09092022,0.013947,0.015221,0.017507,0.020539,0.025097,0.028067,0.032269,0.035069,0.037883,0.041019,0.045065,0.051435
12092022,0.011673,0.012879,0.015212,0.018528,0.023936,0.028075,0.034413,0.037861,0.04384,0.051598,0.059844,0.074662
13092022,0.011044,0.012163,0.013066,0.016084,0.019642,0.021919,0.024854,0.025951,0.027348,0.026728,0.025785,0.024887
14092022,0.011736,0.012983,0.015958,0.018737,0.023339,0.027393,0.031449,0.035749,0.039997,0.046113,0.051091,0.062196
15092022,0.009848,0.011176,0.012621,0.01588,0.020005,0.022394,0.02565,0.026879,0.028625,0.030054,0.031832,0.032323
16092022,0.012555,0.014242,0.01554,0.018496,0.022796,0.026267,0.030144,0.032044,0.03435,0.037893,0.040544,0.046083
19092022,0.01211,0.013263,0.015032,0.016691,0.020889,0.023495,0.026252,0.026707,0.026625,0.026946,0.025764,0.023645
20092022,0.010036,0.010701,0.013198,0.015967,0.019622,0.021583,0.024597,0.025891,0.026814,0.02709,0.026545,0.026201
21092022,0.011529,0.012837,0.014397,0.01786,0.022222,0.025159,0.030212,0.032875,0.035736,0.04008,0.04429,0.051953
22092022,0.011477,0.012475,0.013839,0.016843,0.020342,0.023516,0.027169,0.028291,0.029588,0.031141,0.032126,0.034108
23092022,0.010294,0.011604,0.012475,0.015553,0.018482,0.020525,0.021531,0.021998,0.020325,0.018122,0.01473,0.00815
26092022,0.009653,0.010276,0.012177,0.014105,0.018257,0.019775,0.022333,0.022879,0.022159,0.021021,0.019024,0.014643
27092022,0.009675,0.010098,0.01194,0.014043,0.017279,0.018593,0.01954,0.019316,0.017272,0.013075,0.008552,-0.001529
28092022,0.011117,0.012561,0.014288,0.017114,0.021496,0.024721,0.028146,0.02946,0.031978,0.034437,0.036023,0.039631
29092022,0.012755,0.01424,0.015687,0.018608,0.022942,0.026618,0.029845,0.032994,0.035239,0.037944,0.041371,0.046083
30092022,0.011101,0.012551,0.0148,0.016985,0.021196,0.02499,0.028938,0.030655,0.033304,0.036332,0.038258,0.043095
03102022,0.012084,0.012952,0.015612,0.017979,0.022815,0.026451,0.031417,0.034312,0.037727,0.042669,0.047094,0.056007
04102022,0.008147,0.008866,0.010879,0.013329,0.017703,0.02009,0.0221,0.023317,0.023914,0.023775,0.023565,0.02213
05102022,0.009709,0.010492,0.012669,0.015068,0.01958,0.022651,0.025935,0.028124,0.029786,0.032154,0.034046,0.037331
06102022,0.010251,0.011345,0.01275,0.015068,0.018282,0.02026,0.021748,0.021162,0.019692,0.016584,0.013217,0.005848
07102022,0.009699,0.010944,0.012495,0.014527,0.017857,0.019644,0.021534,0.021413,0.020914,0.017682,0.015207,0.009259
10102022,0.009699,0.010944,0.012495,0.014527,0.017857,0.019644,0.021534,0.021413,0.020914,0.017682,0.015207,0.009259
11102022,0.009699,0.010944,0.012495,0.014527,0.017857,0.019644,0.021534,0.021413,0.020914,0.017682,0.015207,0.009259
12102022,0.009699,0.010944,0.012495,0.014527,0.017857,0.019644,0.021534,0.021413,0.020914,0.017682,0.015207,0.009259
13102022,0.012293,0.012963,0.014559,0.016893,0.020313,0.022339,0.024087,0.024753,0.023439,0.021633,0.01935,0.013326
14102022,0.010476,0.011322,0.012665,0.015613,0.018956,0.021966,0.024571,0.025546,0.02606,0.026185,0.026372,0.025762
17102022,0.00966,0.01131,0.013123,0.015675,0.019831,0.02273,0.026394,0.028129,0.02922,0.031117,0.033055,0.036
18102022,0.008039,0.009733,0.010727,0.013534,0.017146,0.018805,0.022092,0.022846,0.023204,0.023696,0.020981,0.019959
19102022,0.010742,0.011814,0.013395,0.016438,0.019962,0.023376,0.026231,0.027724,0.029378,0.031324,0.031842,0.033881
20102022,0.010609,0.012183,0.013259,0.016403,0.020546,0.023874,0.026945,0.029562,0.031436,0.034086,0.036365,0.040536
21102022,0.011547,0.012548,0.014129,0.016487,0.020399,0.023649,0.026758,0.028571,0.029289,0.030654,0.031106,0.032887
24102022,0.012433,0.013306,0.014991,0.017134,0.021205,0.022639,0.025932,0.026452,0.027622,0.027043,0.026121,0.024439
25102022,0.010755,0.011712,0.013931,0.016396,0.021289,0.024817,0.029507,0.032515,0.036839,0.041479,0.046368,0.055162
26102022,0.009063,0.010799,0.012033,0.015808,0.019555,0.022038,0.025573,0.02663,0.028471,0.029759,0.030791,0.032777
27102022,0.011793,0.013187,0.015063,0.017901,0.021613,0.02541,0.028348,0.029782,0.031075,0.032427,0.033265,0.035351
28102022,0.011956,0.012866,0.013775,0.01648,0.019928,0.022587,0.023864,0.023474,0.023177,0.020178,0.0182,0.011859
31102022,0.011334,0.012573,0.014572,0.018092,0.021922,0.02478,0.029738,0.032785,0.035987,0.039518,0.043186,0.050618
01112022,0.010045,0.011252,0.012505,0.015272,0.018256,0.0212,0.024063,0.024663,0.025412,0.025273,0.024402,0.022947
02112022,0.011206,0.012214,0.013554,0.016447,0.020425,0.022082,0.025756,0.026521,0.027458,0.027889,0.02694,0.026439
03112022,0.012318,0.012637,0.014218,0.016952,0.020072,0.022512,0.02486,0.025301,0.025216,0.023842,0.021924,0.01889
04112022,0.014072,0.015375,0.016378,0.019975,0.023469,0.026497,0.028724,0.030927,0.031661,0.032356,0.032644,0.032925
07112022,0.013,0.014428,0.016314,0.019199,0.023094,0.026136,0.028244,0.030432,0.031073,0.032913,0.033346,0.034535
08112022,0.012025,0.013156,0.014691,0.017925,0.022113,0.025811,0.030247,0.032772,0.03517,0.039412,0.042452,0.049743
09112022,0.012692,0.013961,0.015311,0.017272,0.020752,0.022365,0.023279,0.022661,0.021416,0.01764,0.012661,0.003607
10112022,0.013251,0.014646,0.015396,0.018976,0.022358,0.024624,0.02728,0.028357,0.028331,0.02912,0.028126,0.02679
11112022,0.014021,0.014875,0.016671,0.018225,0.022258,0.024185,0.026393,0.026802,0.025936,0.024098,0.022063,0.017055
14112022,0.013083,0.014973,0.016317,0.018748,0.022616,0.025425,0.02834,0.029086,0.029275,0.029386,0.028527,0.026944
15112022,0.011947,0.013126,0.01442,0.016588,0.019487,0.021667,0.022256,0.022552,0.020409,0.01682,0.012564,0.004428
16112022,0.014748,0.015815,0.016981,0.020043,0.024101,0.027582,0.030257,0.032819,0.034611,0.036897,0.037852,0.041101
17112022,0.015424,0.01643,0.01872,0.020488,0.024567,0.027091,0.029315,0.03019,0.030221,0.02971,0.027834,0.025162
18112022,0.013335,0.014431,0.016344,0.018544,0.023748,0.026709,0.030221,0.032785,0.034017,0.037148,0.039498,0.04442
21112022,0.013375,0.014397,0.015957,0.018466,0.022822,0.026419,0.029954,0.031885,0.033927,0.036054,0.038572,0.043588
22112022,0.013195,0.013693,0.015738,0.018713,0.022464,0.026005,0.027752,0.030179,0.031113,0.032586,0.033298,0.034227
23112022,0.014684,0.015599,0.017058,0.019421,0.02222,0.023814,0.024566,0.024178,0.02298,0.019126,0.014316,0.005446
24112022,0.013886,0.015528,0.016417,0.019562,0.024266,0.027566,0.031398,0.033794,0.037098,0.040698,0.043476,0.050355
25112022,0.015935,0.01725,0.018431,0.021434,0.024781,0.028346,0.030667,0.033141,0.033811,0.034898,0.035447,0.036554
28112022,0.016631,0.017303,0.018118,0.020237,0.023753,0.024312,0.02468,0.024299,0.021347,0.01546,0.009924,-0.002554
29112022,0.016438,0.017637,0.019778,0.022217,0.026328,0.029937,0.034407,0.035958,0.038765,0.042368,0.045218,0.05058
30112022,0.016615,0.017639,0.019325,0.023148,0.028497,0.032058,0.037152,0.040716,0.045064,0.052158,0.05832,0.069516
01122022,0.017578,0.017964,0.019618,0.022828,0.027245,0.03051,0.033675,0.035384,0.037029,0.039857,0.040971,0.044953
02122022,0.015739,0.016788,0.018462,0.021614,0.026575,0.029854,0.034162,0.0373,0.040778,0.044808,0.049899,0.057754
05122022,0.014205,0.015357,0.016929,0.020007,0.022354,0.024311,0.025609,0.02526,0.023686,0.019848,0.016761,0.008765
06122022,0.014372,0.015243,0.017145,0.01922,0.023511,0.025296,0.026897,0.027537,0.027043,0.024698,0.0224,0.017882
07122022,0.016794,0.018199,0.020024,0.02276,0.027378,0.02903,0.032654,0.034508,0.03597,0.036231,0.037185,0.038238
08122022,0.016942,0.017205,0.019746,0.022256,0.026036,0.029257,0.03126,0.032662,0.034251,0.033873,0.034048,0.034008
09122022,0.017304,0.018711,0.020304,0.023216,0.027405,0.030097,0.032564,0.035043,0.036131,0.037706,0.038281,0.039851
12122022,0.017747,0.018834,0.021303,0.023926,0.028439,0.031147,0.035407,0.038647,0.041641,0.045495,0.049425,0.056924
13122022,0.017909,0.018767,0.020339,0.022747,0.026092,0.027878,0.029993,0.030142,0.028739,0.028097,0.025292,0.019482
14122022,0.018002,0.019126,0.020047,0.022715,0.02581,0.02736,0.029383,0.029795,0.02888,0.026738,0.024184,0.018663
15122022,0.017547,0.01845,0.020585,0.022096,0.026478,0.028607,0.029958,0.029627,0.029727,0.027881,0.025283,0.020462
16122022,0.019267,0.020282,0.022335,0.025237,0.029717,0.032329,0.036226,0.038738,0.040419,0.042538,0.044497,0.048103
19122022,0.019267,0.020282,0.022335,0.025237,0.029717,0.032329,0.036226,0.038738,0.040419,0.042538,0.044497,0.048103
20122022,0.018672,0.020238,0.022144,0.023915,0.028903,0.030832,0.034683,0.037357,0.038426,0.040152,0.041971,0.045362
21122022,0.017266,0.018448,0.019317,0.021415,0.025824,0.027738,0.02933,0.029251,0.028922,0.026976,0.024833,0.020246
22122022,0.020177,0.02093,0.022497,0.025162,0.027785,0.030159,0.03185,0.031882,0.031859,0.030531,0.02687,0.022359
23122022,0.01978,0.020596,0.02266,0.025095,0.028662,0.032328,0.035298,0.036569,0.037826,0.039103,0.039493,0.040646
26122022,0.019262,0.020494,0.021808,0.025305,0.02956,0.032863,0.03704,0.039696,0.043641,0.047398,0.051193,0.057143
27122022,0.019457,0.020444,0.022519,0.024406,0.028133,0.029937,0.032071,0.031062,0.030962,0.028411,0.024879,0.019339
28122022,0.019969,0.021142,0.023534,0.025564,0.029619,0.031623,0.034317,0.036067,0.036016,0.036443,0.036347,0.035566
29122022,0.020176,0.021382,0.022505,0.025516,0.030092,0.032789,0.035423,0.037756,0.03867,0.040982,0.042865,0.044324
30122022,0.019107,0.020604,0.022658,0.025181,0.029617,0.032883,0.036468,0.038605,0.040589,0.043427,0.045527,0.049855
02012023,0.019812,0.021245,0.022578,0.025143,0.029398,0.031883,0.034789,0.035662,0.036659,0.036961,0.03681,0.03585
03012023,0.021022,0.021585,0.023894,0.027302,0.030647,0.033308,0.036921,0.038686,0.040516,0.041407,0.043251,0.045364
04012023,0.021278,0.02242,0.023447,0.026822,0.03066,0.03346,0.036717,0.038408,0.040338,0.041518,0.042392,0.044637
05012023,0.021749,0.022576,0.02532,0.027662,0.032515,0.035291,0.039644,0.042384,0.045361,0.049101,0.052456,0.05858
06012023,0.021301,0.022143,0.02416,0.027061,0.030451,0.033231,0.03669,0.038577,0.039845,0.041955,0.042846,0.044728
09012023,0.020413,0.02074,0.023108,0.025129,0.029427,0.031078,0.031933,0.032059,0.031435,0.029074,0.025119,0.01883
10012023,0.02161,0.022991,0.023973,0.026485,0.031663,0.034038,0.037182,0.039833,0.041921,0.043819,0.045512,0.048849
11012023,0.021656,0.023076,0.024437,0.026755,0.029666,0.031826,0.032797,0.033576,0.032948,0.029422,0.026656,0.020524
12012023,0.023561,0.024302,0.026457,0.029628,0.032809,0.035085,0.037658,0.038529,0.038635,0.038721,0.037759,0.035789
13012023,0.02205,0.022954,0.025173,0.02775,0.032251,0.035499,0.039417,0.042813,0.045097,0.049252,0.052594,0.060043
16012023,0.02253,0.023625,0.025664,0.02798,0.032011,0.034077,0.036988,0.038418,0.038731,0.038331,0.038053,0.036604
17012023,0.023186,0.024433,0.02562,0.028233,0.031893,0.034256,0.036963,0.03847,0.038685,0.039009,0.038389,0.036494
18012023,0.023864,0.025517,0.026824,0.030014,0.033946,0.036782,0.040934,0.043242,0.045395,0.047902,0.050502,0.055091
19012023,0.023465,0.025194,0.026102,0.029348,0.033582,0.036053,0.038948,0.040453,0.042215,0.042649,0.043579,0.044997
20012023,0.024896,0.026286,0.027831,0.030599,0.03523,0.037304,0.041496,0.043062,0.044729,0.045928,0.047309,0.049157
23012023,0.024044,0.024526,0.026399,0.029288,0.033096,0.036529,0.039546,0.041618,0.0433,0.045149,0.046955,0.049695
24012023,0.024078,0.025579,0.026623,0.029399,0.032254,0.034943,0.036756,0.037334,0.037481,0.036955,0.035399,0.031878
25012023,0.023157,0.024264,0.025223,0.028161,0.032245,0.034917,0.036819,0.038652,0.039469,0.039906,0.039706,0.039025
26012023,0.02383,0.025251,0.026719,0.028739,0.031635,0.033256,0.033985,0.033624,0.032321,0.027483,0.023818,0.014031
27012023,0.026488,0.027135,0.028345,0.031185,0.034653,0.035983,0.037298,0.037733,0.036643,0.034033,0.030974,0.023971
30012023,0.027022,0.027822,0.029844,0.032579,0.037015,0.039567,0.042217,0.044266,0.045771,0.047305,0.048011,0.049428
31012023,0.025925,0.026343,0.028276,0.030948,0.035422,0.038461,0.041219,0.042489,0.044684,0.046768,0.047964,0.050206
01022023,0.025504,0.026154,0.028489,0.030387,0.033336,0.035277,0.037072,0.037168,0.036676,0.033915,0.030779,0.025505
02022023,0.025789,0.027306,0.028975,0.031209,0.036699,0.039456,0.042636,0.044613,0.04722,0.04978,0.05212,0.056249
03022023,0.026831,0.027627,0.030121,0.033268,0.038379,0.04041,0.045185,0.047354,0.051335,0.055339,0.060036,0.066797
06022023,0.023993,0.025933,0.026618,0.02983,0.032897,0.035778,0.038814,0.039377,0.039322,0.039109,0.038284,0.036398
07022023,0.024338,0.026171,0.027877,0.031063,0.03511,0.037568,0.041204,0.043572,0.045396,0.047443,0.049292,0.052942
08022023,0.026815,0.026891,0.02834,0.03181,0.035262,0.037916,0.040607,0.042095,0.043539,0.043796,0.043931,0.043141
09022023,0.025363,0.026818,0.02792,0.02969,0.032265,0.033235,0.033582,0.032331,0.028377,0.022569,0.015999,0.001733
10022023,0.027849,0.029394,0.030995,0.034676,0.040102,0.044019,0.049387,0.053989,0.059607,0.067055,0.074584,0.088631
13022023,0.027721,0.029286,0.030517,0.033396,0.037717,0.040479,0.04323,0.045602,0.046895,0.047926,0.048712,0.05086
14022023,0.026874,0.027551,0.02964,0.032394,0.036667,0.038914,0.042658,0.043114,0.045269,0.045807,0.046753,0.047419
15022023,0.028393,0.030277,0.031358,0.034063,0.038108,0.039824,0.042842,0.043519,0.044094,0.043903,0.042801,0.041414
16022023,0.029139,0.030466,0.032004,0.035422,0.039333,0.042495,0.046574,0.048303,0.051352,0.053356,0.056857,0.061021
17022023,0.027478,0.028307,0.029789,0.032159,0.035477,0.036897,0.037955,0.037063,0.035312,0.032106,0.026959,0.01856
20022023,0.028177,0.029399,0.030573,0.033192,0.037228,0.039936,0.043023,0.044178,0.045385,0.046413,0.046379,0.046703
21022023,0.026745,0.027542,0.028676,0.030947,0.033475,0.035106,0.035081,0.03362,0.031214,0.024991,0.018974,0.005853
22022023,0.027768,0.029076,0.030451,0.032703,0.037101,0.040101,0.042776,0.044295,0.04581,0.046226,0.046525,0.047695
23022023,0.027982,0.029263,0.030581,0.033136,0.037039,0.038499,0.040637,0.040854,0.040323,0.038701,0.036655,0.032409
24022023,0.030898,0.032106,0.033743,0.036226,0.040108,0.041227,0.043441,0.044711,0.045134,0.043261,0.041376,0.039203
27022023,0.028746,0.029821,0.031598,0.033806,0.037532,0.038571,0.040998,0.041247,0.040892,0.038797,0.03681,0.030896
28022023,0.029604,0.03011,0.032011,0.034214,0.038251,0.042091,0.045312,0.047645,0.048736,0.051416,0.053554,0.056244
01032023,0.028914,0.030954,0.031954,0.034992,0.038311,0.04102,0.044731,0.045624,0.047196,0.047474,0.047304,0.048501
02032023,0.02868,0.029429,0.031618,0.035103,0.038876,0.04165,0.045607,0.047466,0.049532,0.051604,0.054086,0.058154
03032023,0.028549,0.02959,0.031923,0.034595,0.039556,0.042542,0.046954,0.049965,0.053059,0.056651,0.060812,0.068883
06032023,0.028907,0.030108,0.031349,0.034495,0.038019,0.040236,0.0429,0.043926,0.044678,0.043003,0.042833,0.040492
07032023,0.02867,0.030041,0.032053,0.034534,0.038541,0.040951,0.043756,0.045761,0.047509,0.047913,0.048901,0.050605
08032023,0.028538,0.02935,0.030958,0.033964,0.036899,0.039006,0.041421,0.042457,0.042008,0.040663,0.039172,0.035006
09032023,0.030169,0.031787,0.032784,0.036258,0.040092,0.042726,0.046123,0.0479,0.049892,0.050877,0.052268,0.055058
10032023,0.029827,0.030433,0.03246,0.034836,0.039793,0.042666,0.046567,0.048552,0.050617,0.054233,0.056052,0.061412
13032023,0.031497,0.032398,0.033507,0.036461,0.040469,0.042694,0.045996,0.047722,0.048586,0.050407,0.051135,0.052001
14032023,0.030549,0.031604,0.033558,0.036465,0.040645,0.043253,0.047217,0.049629,0.051184,0.054498,0.055838,0.059918
15032023,0.028938,0.030477,0.03193,0.035056,0.03936,0.041956,0.044192,0.047159,0.047989,0.048942,0.050118,0.051573
16032023,0.029355,0.030594,0.032123,0.03465,0.039157,0.041978,0.045072,0.046781,0.047949,0.048902,0.050146,0.05081
17032023,0.029646,0.030685,0.032017,0.034653,0.03752,0.039996,0.041808,0.042555,0.041839,0.040063,0.038268,0.033881
20032023,0.029335,0.030059,0.03245,0.035259,0.039059,0.040954,0.044291,0.045089,0.047093,0.046919,0.047807,0.047742
21032023,0.029535,0.030244,0.031975,0.034218,0.037197,0.039085,0.041607,0.041658,0.04098,0.039239,0.036888,0.031124
22032023,0.0297,0.031377,0.033128,0.035993,0.039392,0.042584,0.045967,0.048181,0.050064,0.052335,0.053326,0.056159
23032023,0.032013,0.032905,0.034098,0.036821,0.040838,0.04424,0.047612,0.049527,0.050689,0.052242,0.052798,0.054442
24032023,0.031408,0.032688,0.034311,0.037404,0.041551,0.044124,0.047551,0.049288,0.050641,0.052767,0.053503,0.05666
27032023,0.029105,0.030709,0.032158,0.034462,0.039145,0.041577,0.045219,0.04666,0.048226,0.049251,0.050413,0.052215
28032023,0.031252,0.033118,0.033942,0.037356,0.0422,0.04551,0.050036,0.053732,0.057079,0.062166,0.066791,0.075384
29032023,0.030886,0.032715,0.033801,0.036381,0.040509,0.042843,0.04584,0.047419,0.048334,0.048503,0.048789,0.049244
30032023,0.031539,0.032862,0.033951,0.037817,0.042544,0.046022,0.05123,0.054958,0.058956,0.064446,0.070458,0.080753
31032023,0.030749,0.032181,0.03319,0.036711,0.039364,0.042169,0.045074,0.046254,0.046613,0.046583,0.046303,0.044928
03042023,0.032304,0.032983,0.034943,0.037788,0.041931,0.04535,0.048838,0.051455,0.053215,0.056866,0.058517,0.063383
04042023,0.031634,0.032124,0.034446,0.036573,0.040039,0.042433,0.045113,0.045544,0.045657,0.045105,0.043729,0.042109
05042023,0.030133,0.031005,0.032992,0.036138,0.040197,0.043617,0.047315,0.049535,0.051388,0.053997,0.056554,0.061288
06042023,0.03104,0.03207,0.033257,0.035886,0.038474,0.040245,0.040533,0.040127,0.038098,0.033288,0.027476,0.017203
07042023,0.030448,0.031192,0.033115,0.035312,0.04053,0.042778,0.046356,0.048155,0.050344,0.051088,0.053495,0.056249
10042023,0.029893,0.031696,0.033376,0.03678,0.041,0.044432,0.049625,0.05257,0.055587,0.06092,0.065851,0.074952
11042023,0.029865,0.03026,0.031246,0.032974,0.036546,0.037473,0.03737,0.03636,0.032782,0.026506,0.018655,0.004825
12042023,0.02877,0.030175,0.031561,0.034378,0.038222,0.041133,0.04308,0.044083,0.045114,0.044941,0.045391,0.044048
13042023,0.030058,0.030917,0.032302,0.035577,0.03852,0.041141,0.043773,0.044036,0.044982,0.044059,0.043781,0.041223
14042023,0.031375,0.032446,0.034028,0.036902,0.042004,0.044496,0.048418,0.051454,0.053694,0.057128,0.060082,0.066233
17042023,0.030536,0.03159,0.032994,0.035754,0.040023,0.042963,0.04578,0.047264,0.04849,0.049678,0.051257,0.05278
18042023,0.031256,0.03184,0.033845,0.036215,0.039915,0.0428,0.045535,0.04681,0.047553,0.047912,0.048656,0.047985
19042023,0.031226,0.032249,0.033705,0.036335,0.040393,0.042111,0.046155,0.047477,0.049288,0.049811,0.050066,0.051301
20042023,0.029185,0.030586,0.03171,0.034777,0.038528,0.041975,0.045311,0.047197,0.048778,0.050801,0.052679,0.054813
21042023,0.02988,0.03124,0.032995,0.035017,0.038415,0.04041,0.042204,0.042786,0.041638,0.040472,0.03751,0.03283
24042023,0.028923,0.030054,0.031313,0.034555,0.038394,0.041597,0.045569,0.047587,0.049375,0.051466,0.053962,0.057452
25042023,0.02758,0.029175,0.030173,0.032445,0.037808,0.040792,0.043898,0.046314,0.049627,0.051381,0.053987,0.057819
26042023,0.027604,0.028711,0.030365,0.033137,0.036862,0.039033,0.042305,0.042824,0.043557,0.044684,0.044527,0.04384
27042023,0.028179,0.028881,0.030639,0.03358,0.037394,0.039075,0.041638,0.041549,0.042278,0.040785,0.039686,0.036314
28042023,0.03105,0.031866,0.033383,0.035858,0.039157,0.041558,0.043587,0.044224,0.043884,0.042628,0.040817,0.036186
01052023,0.030464,0.031536,0.032217,0.035223,0.038396,0.040306,0.04267,0.042302,0.041496,0.03951,0.037065,0.031219
02052023,0.029888,0.031588,0.033234,0.036381,0.03965,0.044057,0.0469,0.048736,0.050861,0.053253,0.054477,0.057489
03052023,0.029215,0.03026,0.031873,0.03434,0.038586,0.040622,0.043961,0.045171,0.046033,0.046194,0.047258,0.046369
04052023,0.027691,0.02875,0.03027,0.033562,0.037279,0.040479,0.043638,0.045405,0.046105,0.047801,0.048768,0.049934
05052023,0.028342,0.02976,0.031113,0.034097,0.039032,0.04256,0.046805,0.05015,0.05308,0.05799,0.062889,0.07125
08052023,0.028342,0.02976,0.031141,0.033673,0.036671,0.038555,0.040881,0.040956,0.04054,0.039264,0.036908,0.031952
09052023,0.028342,0.02976,0.03064,0.033377,0.037529,0.039816,0.04303,0.04491,0.045956,0.046915,0.047797,0.049394
10052023,0.028342,0.02976,0.030444,0.032986,0.036374,0.039193,0.041806,0.04345,0.04418,0.043823,0.044398,0.043778
11052023,0.028342,0.02976,0.03084,0.03318,0.037036,0.039507,0.041639,0.042634,0.042422,0.041371,0.039696,0.035874
12052023,0.028342,0.02976,0.030981,0.033734,0.038471,0.04172,0.045408,0.048014,0.050412,0.054396,0.05696,0.063118
15052023,0.028342,0.02976,0.031916,0.034626,0.039346,0.041517,0.044436,0.044991,0.046195,0.047334,0.047289,0.047087
16052023,0.028342,0.02976,0.031718,0.035488,0.038894,0.043136,0.04745,0.05071,0.053815,0.058803,0.063459,0.072692
17052023,0.028342,0.02976,0.030577,0.033506,0.037336,0.038899,0.041666,0.042069,0.04145,0.040223,0.038962,0.034796
18052023,0.028342,0.02976,0.029667,0.033553,0.036803,0.039346,0.04189,0.042869,0.043696,0.043393,0.0443,0.042392
19052023,0.028342,0.02976,0.028661,0.032,0.035557,0.037869,0.0404,0.041883,0.042179,0.040932,0.040862,0.038623
22052023,0.028342,0.02976,0.03032,0.032671,0.034816,0.037175,0.038744,0.038079,0.036834,0.033206,0.02931,0.020998
23052023,0.028342,0.02976,0.028274,0.030609,0.034019,0.036453,0.037835,0.037831,0.037793,0.035421,0.033026,0.028224
24052023,0.028342,0.02976,0.02986,0.031985,0.036591,0.039295,0.042484,0.044492,0.045734,0.047515,0.047835,0.049953
25052023,0.028342,0.02976,0.029248,0.031838,0.035112,0.036928,0.038444,0.039129,0.038338,0.03731,0.034429,0.029347
26052023,0.028342,0.02976,0.030159,0.032422,0.03572,0.037697,0.03959,0.039829,0.038795,0.03703,0.034227,0.029298
29052023,0.025907,0.026871,0.029159,0.032691,0.038241,0.041422,0.046581,0.05126,0.055429,0.062776,0.069516,0.082603
30052023,0.026672,0.027854,0.029407,0.031922,0.035616,0.037987,0.040085,0.04084,0.040223,0.039719,0.038476,0.035467
31052023,0.024998,0.026437,0.028093,0.030198,0.034197,0.036222,0.038407,0.039141,0.039459,0.038401,0.037676,0.033776
01062023,0.025918,0.027293,0.028861,0.032264,0.035003,0.037044,0.039854,0.04004,0.04086,0.040285,0.039534,0.037275
02062023,0.024734,0.025774,0.027776,0.029964,0.034081,0.036421,0.039652,0.041297,0.041159,0.041333,0.041812,0.041435
05062023,0.025401,0.026695,0.02843,0.030122,0.034309,0.03685,0.038982,0.04075,0.04039,0.040168,0.039569,0.037327
06062023,0.02349,0.024205,0.025588,0.028714,0.032057,0.034379,0.037066,0.038243,0.039103,0.03828,0.037646,0.035337
07062023,0.023836,0.024647,0.026515,0.029404,0.033359,0.036022,0.038939,0.040181,0.041292,0.041958,0.043346,0.04346
08062023,0.025224,0.025105,0.026772,0.029494,0.03302,0.035253,0.037497,0.037597,0.036754,0.035388,0.033573,0.029791
09062023,0.023091,0.02455,0.026007,0.028787,0.033801,0.036963,0.041179,0.043505,0.046152,0.049587,0.053644,0.059872
12062023,0.023031,0.023843,0.025564,0.028036,0.031918,0.03414,0.036253,0.038229,0.038209,0.036969,0.036276,0.03396
13062023,0.025417,0.026018,0.027269,0.030383,0.034079,0.036648,0.037611,0.038782,0.03824,0.037268,0.034883,0.031186
14062023,0.022739,0.024297,0.026006,0.028599,0.032879,0.035147,0.037654,0.039927,0.040474,0.041842,0.042576,0.042969
15062023,0.022335,0.022973,0.024522,0.027197,0.030654,0.032659,0.034513,0.034983,0.034976,0.033305,0.031104,0.027248
16062023,0.022848,0.023873,0.025567,0.028508,0.031405,0.033867,0.035679,0.036366,0.035733,0.034706,0.032923,0.029219
19062023,0.023505,0.024305,0.02574,0.02808,0.031263,0.033474,0.035271,0.034825,0.034409,0.032214,0.029709,0.024332
20062023,0.021825,0.022858,0.024521,0.027434,0.030572,0.033357,0.035138,0.036402,0.036744,0.036816,0.035324,0.03259
21062023,0.020722,0.021814,0.023345,0.026353,0.029795,0.032831,0.035025,0.036697,0.037497,0.038757,0.039248,0.0398
22062023,0.022263,0.022955,0.025287,0.027256,0.030671,0.03342,0.034561,0.035089,0.034725,0.03343,0.031599,0.027387
23062023,0.024719,0.025343,0.026643,0.028772,0.031495,0.033738,0.034153,0.033078,0.031121,0.025354,0.020123,0.008955
26062023,0.021157,0.022346,0.023487,0.026893,0.03074,0.033558,0.03585,0.038093,0.038904,0.040261,0.041283,0.042292
27062023,0.020268,0.022234,0.023418,0.026518,0.029962,0.032556,0.035408,0.037326,0.037878,0.039016,0.039061,0.038948
28062023,0.020729,0.021424,0.023501,0.025602,0.028922,0.031172,0.033003,0.032948,0.031973,0.02944,0.027157,0.021616
29062023,0.021396,0.022138,0.023851,0.026838,0.030348,0.032644,0.035054,0.036119,0.036555,0.036501,0.036365,0.03468
30062023,0.019675,0.020466,0.022565,0.025875,0.031171,0.033801,0.039113,0.042427,0.04549,0.050732,0.055262,0.064687
03072023,0.020932,0.021596,0.022902,0.026352,0.030711,0.033617,0.037022,0.039237,0.041662,0.043687,0.045447,0.049041
04072023,0.020215,0.021562,0.023217,0.026802,0.031813,0.034768,0.039213,0.042255,0.045003,0.050749,0.054996,0.063601
05072023,0.01928,0.020839,0.02196,0.025303,0.02855,0.030436,0.033313,0.034191,0.034171,0.035064,0.034171,0.032532
06072023,0.019852,0.021296,0.022144,0.024056,0.027991,0.029915,0.031534,0.03175,0.030668,0.027815,0.024979,0.017588
07072023,0.019807,0.020942,0.022836,0.02572,0.030392,0.032884,0.036356,0.038476,0.040954,0.042904,0.044751,0.048238
10072023,0.021064,0.021831,0.023215,0.026528,0.029021,0.031446,0.033352,0.034677,0.034794,0.033631,0.031962,0.028123
11072023,0.019345,0.019896,0.020989,0.023818,0.026227,0.028395,0.029468,0.02946,0.027761,0.023883,0.0205,0.01277
12072023,0.018619,0.020151,0.021658,0.024964,0.029072,0.032246,0.036059,0.038135,0.040191,0.042463,0.045037,0.049087
13072023,0.018039,0.018875,0.020805,0.023671,0.026956,0.029767,0.032876,0.033658,0.034301,0.033705,0.033339,0.031233
14072023,0.018053,0.019092,0.019711,0.021817,0.024233,0.025793,0.026195,0.024015,0.021571,0.015233,0.00884,-0.004418
17072023,0.018053,0.019092,0.019711,0.021817,0.024233,0.025793,0.026195,0.024015,0.021571,0.015233,0.00884,-0.004418
18072023,0.017319,0.01822,0.019705,0.021604,0.024212,0.025087,0.025704,0.024995,0.022555,0.016343,0.010424,-0.001822
19072023,0.016736,0.01841,0.019831,0.022668,0.026462,0.029682,0.03338,0.034238,0.036008,0.037812,0.039233,0.040997
20072023,0.014975,0.015499,0.017598,0.021292,0.02587,0.028987,0.032929,0.035786,0.03878,0.043271,0.046406,0.053556
21072023,0.018716,0.019259,0.021028,0.023458,0.027649,0.029771,0.032941,0.034032,0.035624,0.036235,0.035728,0.036759
24072023,0.019375,0.021579,0.021931,0.025046,0.029051,0.032013,0.034682,0.03589,0.036842,0.037856,0.038109,0.038989
25072023,0.016593,0.017104,0.018275,0.020933,0.024191,0.025489,0.027537,0.027049,0.026654,0.023279,0.019604,0.012364
26072023,0.016533,0.017688,0.019436,0.022092,0.026411,0.028784,0.033233,0.035063,0.036679,0.039729,0.041055,0.044116
27072023,0.017391,0.01834,0.020241,0.022829,0.027208,0.029258,0.033015,0.03548,0.036349,0.038109,0.039488,0.041582
28072023,0.014005,0.01509,0.016623,0.019323,0.023436,0.025546,0.028119,0.029396,0.030327,0.030716,0.029865,0.029264
31072023,0.016269,0.016902,0.018276,0.02137,0.024583,0.026853,0.028712,0.028851,0.028661,0.026539,0.025182,0.019729
01082023,0.015686,0.016489,0.017892,0.020745,0.023911,0.026126,0.027552,0.027802,0.027711,0.025694,0.023709,0.01862
02082023,0.016248,0.016658,0.018303,0.020138,0.023604,0.024899,0.02672,0.026274,0.024973,0.021831,0.017531,0.009913
03082023,0.01584,0.017395,0.019037,0.022878,0.026755,0.030946,0.035446,0.0387,0.043707,0.049621,0.055077,0.065956
04082023,0.018374,0.019166,0.021006,0.023483,0.027237,0.030366,0.032833,0.033683,0.033582,0.034235,0.034847,0.03301
07082023,0.016162,0.017125,0.018416,0.022414,0.02662,0.030228,0.03416,0.037317,0.040588,0.04498,0.048507,0.056744
08082023,0.014036,0.015101,0.016519,0.019162,0.02178,0.023567,0.024516,0.024838,0.023154,0.019503,0.015209,0.008175
09082023,0.013397,0.014043,0.015469,0.017833,0.022326,0.02424,0.027608,0.02726,0.027414,0.026758,0.02586,0.023024
10082023,0.014509,0.015463,0.016803,0.019771,0.023282,0.025283,0.027785,0.028221,0.027303,0.025135,0.023394,0.018825
11082023,0.013283,0.014466,0.015893,0.018673,0.022305,0.024164,0.027039,0.027086,0.026867,0.026438,0.024672,0.021858
14082023,0.011838,0.012464,0.014234,0.018228,0.022136,0.025393,0.029274,0.032661,0.035805,0.040285,0.04347,0.050729
15082023,0.013825,0.015866,0.017268,0.020537,0.024626,0.026984,0.03162,0.03441,0.036352,0.039737,0.042655,0.047205
16082023,0.015414,0.016322,0.018202,0.020423,0.023714,0.025656,0.02818,0.027897,0.028319,0.026258,0.025048,0.020547
17082023,0.013579,0.015015,0.017074,0.019644,0.023924,0.026322,0.028911,0.030463,0.031875,0.032071,0.03381,0.034184
18082023,0.014825,0.016151,0.016477,0.019411,0.022324,0.02366,0.025608,0.025549,0.023767,0.021061,0.016598,0.00908
21082023,0.013051,0.014672,0.016181,0.018987,0.02264,0.02546,0.028089,0.030284,0.030481,0.032135,0.031915,0.031953
22082023,0.014599,0.015883,0.017222,0.019676,0.024144,0.026504,0.029753,0.030447,0.032435,0.033139,0.03448,0.035134
23082023,0.012777,0.014766,0.016526,0.018869,0.023407,0.025591,0.028927,0.031085,0.032951,0.034634,0.036467,0.039163
24082023,0.01195,0.012947,0.014895,0.017015,0.021715,0.024073,0.027526,0.02961,0.031313,0.033444,0.035179,0.038422
25082023,0.012478,0.012914,0.014539,0.016995,0.020063,0.022128,0.023276,0.022708,0.02226,0.018417,0.014688,0.007427
28082023,0.013397,0.013762,0.015388,0.01832,0.02274,0.024756,0.027936,0.030168,0.031472,0.033548,0.035162,0.037074
29082023,0.011084,0.011483,0.013836,0.016554,0.020564,0.023268,0.02655,0.027271,0.028534,0.029265,0.029902,0.031042
30082023,0.011151,0.012133,0.0132,0.016051,0.019402,0.021908,0.023538,0.024381,0.024594,0.022544,0.020564,0.016795
31082023,0.011782,0.013006,0.014725,0.018603,0.023663,0.027037,0.032665,0.035848,0.040956,0.047722,0.054406,0.065937
01092023,0.010157,0.012046,0.013587,0.015696,0.019453,0.021269,0.023222,0.023675,0.023358,0.021464,0.020107,0.015872
04092023,0.012459,0.013416,0.0153,0.018224,0.021641,0.024647,0.027702,0.02893,0.030128,0.031323,0.031486,0.032732
05092023,0.0115,0.01179,0.01393,0.016519,0.021516,0.023945,0.028449,0.030526,0.033339,0.036464,0.040015,0.045165
06092023,0.012048,0.013259,0.014533,0.01744,0.021598,0.023323,0.026482,0.027655,0.027464,0.027128,0.027132,0.025491
07092023,0.013075,0.014136,0.0164,0.018612,0.022749,0.025629,0.02815,0.029736,0.030816,0.031829,0.032226,0.03249
08092023,0.010957,0.012607,0.014641,0.016416,0.020198,0.022573,0.025597,0.026562,0.026842,0.0264,0.026111,0.024089
11092023,0.011068,0.012217,0.014849,0.017111,0.022006,0.024644,0.028431,0.030902,0.032832,0.036031,0.038394,0.042803
12092023,0.01146,0.012283,0.01468,0.017101,0.02093,0.023007,0.025235,0.027496,0.027516,0.027367,0.027396,0.026638
13092023,0.011458,0.012078,0.013948,0.017458,0.020931,0.024929,0.028741,0.031726,0.034716,0.03861,0.042086,0.048649
14092023,0.013052,0.015192,0.016421,0.019747,0.024558,0.027902,0.033181,0.03621,0.03985,0.044986,0.050116,0.059562
15092023,0.010848,0.0124,0.013788,0.015821,0.019141,0.021722,0.023036,0.023004,0.021898,0.020169,0.017645,0.011557
18092023,0.011125,0.011565,0.013788,0.016756,0.020029,0.022642,0.024954,0.026345,0.026645,0.026235,0.026345,0.02474
19092023,0.010426,0.01166,0.012611,0.016247,0.019958,0.02286,0.027174,0.028391,0.02995,0.031364,0.034025,0.036027
20092023,0.010208,0.011148,0.012417,0.015175,0.018671,0.021317,0.023884,0.025241,0.025762,0.025508,0.02476,0.023768
21092023,0.010498,0.011716,0.013417,0.01552,0.018606,0.021034,0.022888,0.023247,0.022863,0.020904,0.018053,0.012971
22092023,0.010142,0.010832,0.012531,0.015919,0.019915,0.022833,0.025962,0.028641,0.030226,0.032628,0.034948,0.038705
25092023,0.010142,0.010832,0.012531,0.015919,0.019915,0.022833,0.025962,0.028641,0.030226,0.032628,0.034948,0.038705
26092023,0.012489,0.012854,0.014978,0.01754,0.022234,0.02481,0.02833,0.030974,0.032528,0.034759,0.037156,0.041412
27092023,0.012432,0.0128,0.014677,0.017453,0.021495,0.0242,0.027411,0.028601,0.029962,0.0309,0.031251,0.032384
28092023,0.010484,0.011645,0.013061,0.016233,0.019352,0.021994,0.025797,0.025906,0.026583,0.027512,0.026594,0.026655
29092023,0.012103,0.013281,0.015396,0.017779,0.02045,0.022626,0.024211,0.024205,0.022296,0.018533,0.015453,0.00818
02102023,0.010682,0.011875,0.013007,0.016042,0.019661,0.022068,0.025051,0.026032,0.027365,0.026562,0.026708,0.026219
03102023,0.011101,0.011949,0.014376,0.017368,0.021128,0.024933,0.028643,0.031608,0.034457,0.038857,0.042157,0.048409
04102023,0.011545,0.012243,0.013788,0.016391,0.019614,0.021732,0.02279,0.022893,0.021537,0.018855,0.015685,0.008688
05102023,0.008959,0.009835,0.011284,0.014896,0.018701,0.021241,0.024218,0.026063,0.028217,0.029412,0.030372,0.032681
06102023,0.010314,0.011055,0.012783,0.015263,0.020289,0.023671,0.028532,0.031315,0.034279,0.039066,0.043392,0.051237
09102023,0.008366,0.010203,0.01174,0.013905,0.017815,0.020432,0.022684,0.024752,0.025396,0.026164,0.025561,0.025397
10102023,0.008816,0.010546,0.011502,0.014199,0.01748,0.019301,0.021545,0.02219,0.021161,0.019971,0.0173,0.012722
11102023,0.011271,0.012271,0.01391,0.015693,0.019461,0.022453,0.024833,0.025005,0.025229,0.024448,0.023247,0.019447
12102023,0.010111,0.011783,0.012513,0.014777,0.019088,0.021787,0.024009,0.024791,0.025871,0.025667,0.024666,0.023759
13102023,0.011876,0.013048,0.015261,0.017526,0.022546,0.025184,0.030015,0.032219,0.035469,0.038906,0.041684,0.048722
16102023,0.012264,0.013635,0.01547,0.018137,0.023232,0.025798,0.028744,0.031959,0.034095,0.037098,0.039554,0.044652
17102023,0.011995,0.013269,0.014912,0.017437,0.021928,0.024623,0.028148,0.029765,0.030627,0.032502,0.033016,0.035259
18102023,0.010556,0.010745,0.012484,0.015401,0.018902,0.020845,0.022376,0.023001,0.022848,0.021063,0.018663,0.014233
19102023,0.011385,0.012147,0.014032,0.016912,0.020345,0.022776,0.024435,0.025602,0.025038,0.024384,0.022405,0.01922
20102023,0.012713,0.014179,0.015318,0.017614,0.022491,0.0242,0.027114,0.028639,0.028838,0.028951,0.029183,0.027936
23102023,0.010905,0.011704,0.014265,0.016581,0.021036,0.023241,0.026218,0.028227,0.029468,0.030508,0.032253,0.033184
24102023,0.009416,0.010656,0.012064,0.01615,0.019839,0.023497,0.028,0.0306,0.033467,0.037011,0.040936,0.04821
25102023,0.010871,0.012134,0.013092,0.016871,0.020479,0.022939,0.026388,0.028393,0.028576,0.030164,0.030365,0.032486
26102023,0.011712,0.012452,0.014763,0.017779,0.02108,0.023959,0.026236,0.028224,0.028929,0.029436,0.029677,0.029924
27102023,0.011858,0.013016,0.014124,0.017366,0.01985,0.021839,0.023352,0.024292,0.022969,0.019958,0.017628,0.011129
30102023,0.011777,0.013236,0.014517,0.017841,0.020677,0.023936,0.026016,0.027214,0.027876,0.027292,0.027217,0.024757
31102023,0.010739,0.012135,0.013789,0.016354,0.019689,0.021544,0.023848,0.024271,0.024147,0.022505,0.020308,0.015744
01112023,0.011223,0.012514,0.014168,0.016502,0.020182,0.022535,0.024706,0.025453,0.025398,0.025057,0.024371,0.021603
02112023,0.012057,0.012777,0.015047,0.017904,0.021395,0.02431,0.028298,0.029783,0.03088,0.033008,0.034857,0.037248
03112023,0.012275,0.012914,0.014916,0.017732,0.021685,0.023945,0.026221,0.028401,0.029644,0.030102,0.031069,0.031299
06112023,0.013097,0.013501,0.015824,0.019306,0.023183,0.026491,0.030248,0.033603,0.036221,0.038883,0.042246,0.047763
07112023,0.013403,0.014463,0.016897,0.018537,0.022521,0.025761,0.028836,0.030788,0.032719,0.034733,0.036335,0.039659
08112023,0.012422,0.01307,0.014788,0.017633,0.020786,0.023153,0.026711,0.027994,0.029216,0.028911,0.028998,0.02813
09112023,0.012546,0.014608,0.016922,0.019484,0.024663,0.027402,0.032167,0.035273,0.038118,0.043316,0.047844,0.057089
10112023,0.014103,0.014995,0.017035,0.019459,0.02357,0.026225,0.029752,0.031164,0.033088,0.033981,0.035139,0.037629
13112023,0.013288,0.013962,0.015617,0.018684,0.022434,0.024807,0.026714,0.028134,0.027818,0.027412,0.026182,0.025453
14112023,0.012149,0.013781,0.015033,0.017424,0.021819,0.023783,0.026753,0.027666,0.0287,0.02958,0.028958,0.028804
15112023,0.01403,0.015099,0.015809,0.018802,0.022523,0.024437,0.026541,0.027862,0.028018,0.027296,0.026538,0.023796
16112023,0.012597,0.013298,0.015533,0.017452,0.021799,0.024539,0.027452,0.029002,0.030916,0.031088,0.032686,0.032964
17112023,0.014674,0.014818,0.016429,0.019359,0.023768,0.026068,0.029987,0.032384,0.033655,0.035428,0.036858,0.040028
20112023,0.013813,0.014626,0.016365,0.019841,0.024718,0.02766,0.032508,0.035536,0.039844,0.045253,0.049602,0.059436
21112023,0.012946,0.013647,0.015253,0.017332,0.021362,0.023432,0.025246,0.025929,0.025711,0.023881,0.021773,0.018597
22112023,0.014018,0.015926,0.016071,0.019257,0.022796,0.025388,0.028154,0.029356,0.030555,0.030599,0.031421,0.031003
23112023,0.014835,0.016154,0.017249,0.020076,0.023627,0.025974,0.02806,0.030048,0.02976,0.029865,0.029009,0.026306
24112023,0.014279,0.015119,0.017115,0.02019,0.025724,0.029249,0.034333,0.038526,0.043789,0.05056,0.057618,0.070452
27112023,0.01426,0.015416,0.017378,0.020173,0.024824,0.027268,0.031049,0.03306,0.03562,0.038887,0.041458,0.045956
28112023,0.012833,0.014905,0.01625,0.019543,0.023409,0.027291,0.030502,0.033243,0.035788,0.038985,0.042585,0.048848
29112023,0.018343,0.019247,0.020928,0.023402,0.027546,0.030287,0.032967,0.034634,0.035805,0.037029,0.037042,0.038166
30112023,0.017909,0.01877,0.020594,0.02379,0.028475,0.030593,0.034865,0.038237,0.040526,0.044033,0.047106,0.05347
01122023,0.014432,0.015757,0.017801,0.021137,0.026113,0.029786,0.034284,0.037894,0.04237,0.047925,0.053647,0.064557
04122023,0.016892,0.01762,0.01927,0.021547,0.024843,0.026467,0.027605,0.027276,0.025283,0.021477,0.017623,0.009026
05122023,0.015879,0.016828,0.019111,0.021543,0.026278,0.027968,0.031612,0.033613,0.03557,0.037077,0.0384,0.040327
06122023,0.014847,0.016285,0.018224,0.020561,0.025433,0.02807,0.030471,0.032405,0.033502,0.035475,0.037084,0.038676
07122023,0.017257,0.017885,0.019454,0.021743,0.024563,0.026427,0.028459,0.028186,0.027117,0.023809,0.020286,0.012448
08122023,0.017157,0.017936,0.019777,0.02219,0.025718,0.028542,0.031469,0.032508,0.033653,0.034353,0.035166,0.034257
11122023,0.017823,0.019671,0.021009,0.023633,0.026963,0.029462,0.030993,0.031261,0.031025,0.029669,0.027058,0.022746
12122023,0.016939,0.017318,0.019226,0.021645,0.024124,0.026308,0.02618,0.02629,0.023998,0.018735,0.015139,0.004117
13122023,0.016521,0.017593,0.019075,0.021305,0.024815,0.026395,0.027442,0.02799,0.026233,0.024247,0.020667,0.014308
14122023,0.019347,0.019981,0.022107,0.023936,0.027254,0.029827,0.031459,0.031809,0.031514,0.029987,0.028369,0.022976
15122023,0.018094,0.019642,0.020894,0.023718,0.028199,0.030953,0.034349,0.036665,0.038271,0.040561,0.042486,0.046509
18122023,0.015026,0.015706,0.017942,0.020792,0.024958,0.026773,0.031292,0.032476,0.034516,0.036237,0.037078,0.039851
19122023,0.018334,0.01874,0.020046,0.022365,0.025467,0.026922,0.02795,0.026732,0.024823,0.020548,0.016312,0.005685
20122023,0.019634,0.02087,0.022487,0.02543,0.029615,0.031919,0.035124,0.035937,0.037178,0.037898,0.038643,0.038968
21122023,0.019634,0.020911,0.021558,0.025282,0.02803,0.029632,0.032274,0.032725,0.032313,0.031023,0.02896,0.024504
22122023,0.020147,0.020323,0.022385,0.025038,0.029145,0.031185,0.033729,0.035614,0.036514,0.037331,0.03658,0.03712
25122023,0.021373,0.022768,0.024436,0.027208,0.030607,0.033652,0.035391,0.036245,0.037551,0.036308,0.036323,0.035764
26122023,0.019572,0.020642,0.022155,0.024726,0.02759,0.030437,0.031802,0.032245,0.031177,0.029665,0.026738,0.021628
27122023,0.019121,0.01986,0.021201,0.023716,0.027555,0.029248,0.031322,0.031785,0.030729,0.029086,0.027474,0.022501
28122023,0.021443,0.023015,0.024154,0.027317,0.031365,0.035349,0.039093,0.040888,0.04347,0.046894,0.049197,0.054212
29122023,0.021304,0.022167,0.023501,0.026808,0.030982,0.033272,0.036767,0.037623,0.038654,0.039862,0.040392,0.041373
